outcome,ate_diff_in_means
converted,0.013527381794794291
post_purchases,0.014808831413247181
post_clicks,0.27947684162446595
