term,estimate,std.error,statistic,p.value,model
(Intercept),156078.7084075467,24680.65918245978,6.32392786812071,8.789382646014954e-9,Model 1
education,-17683.057041644963,7360.934125380612,-2.4022843759290704,0.018279893341792162,Model 1
(Intercept),294363.3908241342,46451.13066901183,6.337055451278993,8.539010428630464e-9,Model 2
education,-129017.98929667132,33069.690605970405,-3.9013969266884643,1.8183390202841716e-4,Model 2
I(education^2),18556.268836996267,5388.097380588623,3.44393716859087,8.650226573977944e-4,Model 2
(Intercept),11.34246061307993,0.13693390807877173,82.83164317894979,6.161712757001051e-89,Model 3
education,0.0038644001097368455,0.040840135972344996,0.09462260635845175,0.924818167665992,Model 3
