model,mae,rmse,r2
word2vec_ridge,0.2454942762851715,0.31797340024129855,0.042546629905700684
